INSERT INTO module2.gift_certificates (id, name, description, price, duration, create_date, last_update_date) VALUES (1, 'Картинг по двухэтажной трассе', '3 заезда по 10 минут для 1-3 человек. Подарите скорость. Подарок в виде сертификата на катание в картинг-клубе — это самый простой способ провести корпоратив или день рождения. При чем не важно, взрослый или детский. В «Картленде» есть специальные карты для малышей. Главное, чтобы родители разрешили. А если ребенок школьного возраста, то ему дадут прокатиться на настоящем профессиональном карте. И тогда он станет самым крутым в классе.', 48.00, 90, '2021-04-18 02:41:03', '2021-04-18 02:41:03');
INSERT INTO module2.gift_certificates (id, name, description, price, duration, create_date, last_update_date) VALUES (2, 'Картинг по двухэтажной трассе', '4 заезда по 10 минут для 1-4 человек. Подарите скорость. Подарок в виде сертификата на катание в картинг-клубе — это самый простой способ провести корпоратив или день рождения. При чем не важно, взрослый или детский. В «Картленде» есть специальные карты для малышей. Главное, чтобы родители разрешили. А если ребенок школьного возраста, то ему дадут прокатиться на настоящем профессиональном карте. И тогда он станет самым крутым в классе.', 64.00, 90, '2021-04-18 00:00:00', '2021-04-18 00:00:00');
INSERT INTO module2.gift_certificates (id, name, description, price, duration, create_date, last_update_date) VALUES (3, 'Оздоравливающий классический массаж', 'Массаж классический спины, 45 минут, для 1 чел. Грамотно выполненный массаж спины — отличный способ расслабиться и восстановить мышцы после рабочего дня или тренировки. Преимущества такого массажа очевидны: он позволяет не только проработать спину и позвоночник, но также снять головные боли. Во время сеанса массажист применит несколько техник, среди которых — растирания, разминания, поглаживания, похлопывания и вибрации', 35.00, 90, '2021-04-18 00:00:00', '2021-04-18 00:00:00');
INSERT INTO module2.gift_certificates (id, name, description, price, duration, create_date, last_update_date) VALUES (4, 'Экскурсия в музей «Аливария» с дегустацией', '1 посещение, 4 человека. Сертификат в музей «Аливария» в подарок подойдет ценителям пенного, людям, которые интересуются особенностями производства напитка и развитием пивоварения в рамках истории. Подарочный сертификат на экскурсию с дегустацией понравится и тем, кому нравится узнавать что-то новое, совершенствоваться и расширять кругозор.', 60.00, 90, '2021-04-18 15:21:49', '2021-04-18 00:00:00');
INSERT INTO module2.gift_certificates (id, name, description, price, duration, create_date, last_update_date) VALUES (5, 'Базовый курс «Рисование карандашом» для начинающих', '6 занятий по 2 часа, для 1 человека.  Как научиться рисовать жителю большого города не потратив на это много времени и денег? Специально для вас школа рисования «Все Малевичи» создала курс, который позволяет всего за 6 занятий включить у вас так называемое «художественное видение», узнать основные правила рисования и научиться рисовать сложные рисунки карандашом с нуля.', 102.00, 90, '2021-04-18 00:00:00', '2021-04-18 15:47:34');
NSERT INTO module2.tags (id, name) VALUES (7, 'Дегустация');
INSERT INTO module2.tags (id, name) VALUES (4, 'Здоровье');
INSERT INTO module2.tags (id, name) VALUES (1, 'Картинг');
INSERT INTO module2.tags (id, name) VALUES (5, 'Красота');
INSERT INTO module2.tags (id, name) VALUES (3, 'Массаж');
INSERT INTO module2.tags (id, name) VALUES (2, 'Скорость');
INSERT INTO module2.tags (id, name) VALUES (9, 'Творчество');
INSERT INTO module2.tags (id, name) VALUES (8, 'Хобби');
INSERT INTO module2.tags (id, name) VALUES (6, 'Экскурсия');
INSERT INTO module2.gift_certificate_tags (gift_certificate_id, tag_id) VALUES (1, 1);
INSERT INTO module2.gift_certificate_tags (gift_certificate_id, tag_id) VALUES (1, 2);
INSERT INTO module2.gift_certificate_tags (gift_certificate_id, tag_id) VALUES (2, 1);
INSERT INTO module2.gift_certificate_tags (gift_certificate_id, tag_id) VALUES (2, 2);
INSERT INTO module2.gift_certificate_tags (gift_certificate_id, tag_id) VALUES (3, 3);
INSERT INTO module2.gift_certificate_tags (gift_certificate_id, tag_id) VALUES (3, 4);
INSERT INTO module2.gift_certificate_tags (gift_certificate_id, tag_id) VALUES (3, 5);
INSERT INTO module2.gift_certificate_tags (gift_certificate_id, tag_id) VALUES (4, 6);
INSERT INTO module2.gift_certificate_tags (gift_certificate_id, tag_id) VALUES (4, 7);
INSERT INTO module2.gift_certificate_tags (gift_certificate_id, tag_id) VALUES (5, 8);
INSERT INTO module2.gift_certificate_tags (gift_certificate_id, tag_id) VALUES (5, 9);